{
  "MAE": 1.5048781404281308,
  "RMSE": 2.1542904976554533,
  "R2": 0.5800026869129286
}