feature,mean_abs_shap
shell_weight,0.9311153875430052
shucked_weight_ratio,0.8047329358874937
height,0.2480512021087381
viscera_weight_ratio,0.22307860350775216
volume,0.18642779730219988
viscera_weight,0.15729138022384634
sex_I,0.14427287007960946
weight,0.12563016638927652
shell_weight_ratio,0.09866557465756672
length,0.07540571300192879
diameter,0.07518567071135943
shucked_weight,0.06385739117303016
surface_area,0.05377483540515073
sex_F,0.019470054413622262
sex_M,0.019105527991451952
