{
  "mean": 0.0018012655803293304,
  "variance": 1.1339197973951258,
  "skewness": 1.598033240742486
}