{
  "Nitrogen": {
    "count": 1540.0,
    "mean": 51.33051948051948,
    "std": 37.214590869833664,
    "min": 0.0,
    "25%": 21.0,
    "50%": 37.0,
    "75%": 86.0,
    "max": 129.0
  },
  "Phosphorus": {
    "count": 1540.0,
    "mean": 53.40909090909091,
    "std": 33.28003802502179,
    "min": 6.0,
    "25%": 28.0,
    "50%": 51.0,
    "75%": 68.0,
    "max": 143.0
  },
  "Potassium": {
    "count": 1540.0,
    "mean": 48.36038961038961,
    "std": 51.07885445238365,
    "min": 8.0,
    "25%": 20.0,
    "50%": 32.0,
    "75%": 49.0,
    "max": 204.0
  },
  "Temperature": {
    "count": 1540.0,
    "mean": 25.54412417031169,
    "std": 4.923150231765178,
    "min": 11.82768186,
    "25%": 22.7643368575,
    "50%": 25.60563708,
    "75%": 28.4359141025,
    "max": 40.78881819
  },
  "Humidity": {
    "count": 1540.0,
    "mean": 71.80611579688961,
    "std": 21.747392669566917,
    "min": 15.22538951,
    "25%": 61.019242605,
    "50%": 80.55249896000001,
    "75%": 89.7921067125,
    "max": 96.96637916
  },
  "pH_Value": {
    "count": 1540.0,
    "mean": 6.474246478622079,
    "std": 0.7436510116554655,
    "min": 4.603563116,
    "25%": 5.9697271345,
    "50%": 6.436038676,
    "75%": 6.9195696497500006,
    "max": 8.736337905
  },
  "Rainfall": {
    "count": 1540.0,
    "mean": 102.05456714951299,
    "std": 54.94720533402828,
    "min": 21.90440445,
    "25%": 63.4446207075,
    "50%": 93.261281145,
    "75%": 121.9071591,
    "max": 267.9761948
  },
  "Yield": {
    "count": 1540.0,
    "mean": 7.44926412322316,
    "std": 1.0647405245822328,
    "min": 1.0986122886681098,
    "25%": 6.85751406254539,
    "50%": 7.509883061154913,
    "75%": 8.160803920954665,
    "max": 11.695255355062795
  },
  "drought_index": {
    "count": 1540.0,
    "mean": 0.34668613909380297,
    "std": 0.24827372022680885,
    "min": 0.07563013600655732,
    "25%": 0.1847614127329256,
    "50%": 0.26101356825056,
    "75%": 0.4490161465641637,
    "max": 1.364305774876109
  },
  "skewness": {
    "Nitrogen": 0.4398164141188082,
    "Phosphorus": 1.0004128574568532,
    "Potassium": 2.3487552472156716,
    "Temperature": 0.10068280930753194,
    "Humidity": -1.1247333879970345,
    "pH_Value": 0.30588030916716097,
    "Rainfall": 0.9653687270959788,
    "Yield": -1.690136673520823,
    "drought_index": 1.9351201118032935
  }
}