{
  "original_skewness": 15.915884029956093,
  "abs_original_skewness": 15.915884029956093,
  "threshold": 0.75,
  "log_transform_applied": true,
  "transformed_skewness": -1.6394695584210883
}