{
  "Nitrogen": {
    "Nitrogen": 1.0,
    "Phosphorus": -0.24601123932326496,
    "Potassium": -0.15256117567973682,
    "Temperature": 0.036998104823432965,
    "Humidity": 0.1815706010231564,
    "pH_Value": 0.09609627494015271,
    "Rainfall": 0.05429694797155842,
    "Yield": 0.0011390196221304405,
    "drought_index": 0.1403473003128626
  },
  "Phosphorus": {
    "Nitrogen": -0.24601123932326496,
    "Phosphorus": 1.0,
    "Potassium": 0.7363143472277934,
    "Temperature": -0.1310290286323605,
    "Humidity": -0.12025978258404885,
    "pH_Value": -0.15378731920278127,
    "Rainfall": -0.06768663310568,
    "Yield": -0.021397378175083102,
    "drought_index": -0.1693832053838296
  },
  "Potassium": {
    "Nitrogen": -0.15256117567973682,
    "Phosphorus": 0.7363143472277934,
    "Potassium": 1.0,
    "Temperature": -0.16349181232609988,
    "Humidity": 0.1905581232159767,
    "pH_Value": -0.1920501320672617,
    "Rainfall": -0.05664317890145103,
    "Yield": 0.03465312101405061,
    "drought_index": -0.06466219317782043
  },
  "Temperature": {
    "Nitrogen": 0.036998104823432965,
    "Phosphorus": -0.1310290286323605,
    "Potassium": -0.16349181232609988,
    "Temperature": 1.0,
    "Humidity": 0.1978903318735538,
    "pH_Value": -0.0359346643076802,
    "Rainfall": -0.038384228241278406,
    "Yield": -0.009666717992452886,
    "drought_index": 0.3628258089310875
  },
  "Humidity": {
    "Nitrogen": 0.1815706010231564,
    "Phosphorus": -0.12025978258404885,
    "Potassium": 0.1905581232159767,
    "Temperature": 0.1978903318735538,
    "Humidity": 1.0,
    "pH_Value": -0.029826981706236124,
    "Rainfall": 0.08006456424548875,
    "Yield": -0.04885417361655015,
    "drought_index": 0.15598828158225994
  },
  "pH_Value": {
    "Nitrogen": 0.09609627494015271,
    "Phosphorus": -0.15378731920278127,
    "Potassium": -0.1920501320672617,
    "Temperature": -0.0359346643076802,
    "Humidity": -0.029826981706236124,
    "pH_Value": 1.0,
    "Rainfall": -0.14172970180296418,
    "Yield": -0.09783163756403815,
    "drought_index": 0.08860821226542354
  },
  "Rainfall": {
    "Nitrogen": 0.05429694797155842,
    "Phosphorus": -0.06768663310568,
    "Potassium": -0.05664317890145103,
    "Temperature": -0.038384228241278406,
    "Humidity": 0.08006456424548875,
    "pH_Value": -0.14172970180296418,
    "Rainfall": 1.0,
    "Yield": 0.04426939204660436,
    "drought_index": -0.7215371313176968
  },
  "Yield": {
    "Nitrogen": 0.0011390196221304405,
    "Phosphorus": -0.021397378175083102,
    "Potassium": 0.03465312101405061,
    "Temperature": -0.009666717992452886,
    "Humidity": -0.04885417361655015,
    "pH_Value": -0.09783163756403815,
    "Rainfall": 0.04426939204660436,
    "Yield": 1.0,
    "drought_index": 0.024861876007813533
  },
  "drought_index": {
    "Nitrogen": 0.1403473003128626,
    "Phosphorus": -0.1693832053838296,
    "Potassium": -0.06466219317782043,
    "Temperature": 0.3628258089310875,
    "Humidity": 0.15598828158225994,
    "pH_Value": 0.08860821226542354,
    "Rainfall": -0.7215371313176968,
    "Yield": 0.024861876007813533,
    "drought_index": 1.0
  }
}